{
  "HTTP Request сreate session" : {
    "transaction" : "HTTP Request сreate session",
    "sampleCount" : 238,
    "errorCount" : 0,
    "errorPct" : 0.0,
    "meanResTime" : 101.14285714285714,
    "medianResTime" : 94.0,
    "minResTime" : 82.0,
    "maxResTime" : 470.0,
    "pct1ResTime" : 119.1,
    "pct2ResTime" : 132.44999999999985,
    "pct3ResTime" : 206.2799999999993,
    "throughput" : 0.3972134972478779,
    "receivedKBytesPerSec" : 0.2734721831638222,
    "sentKBytesPerSec" : 0.22576001503736812
  },
  "Debug Sampler" : {
    "transaction" : "Debug Sampler",
    "sampleCount" : 238,
    "errorCount" : 0,
    "errorPct" : 0.0,
    "meanResTime" : 0.21848739495798306,
    "medianResTime" : 0.0,
    "minResTime" : 0.0,
    "maxResTime" : 1.0,
    "pct1ResTime" : 1.0,
    "pct2ResTime" : 1.0,
    "pct3ResTime" : 1.0,
    "throughput" : 0.3978103714846852,
    "receivedKBytesPerSec" : 0.2703377679578789,
    "sentKBytesPerSec" : 0.0
  },
  "HTTP Request transfer transaction to prepay" : {
    "transaction" : "HTTP Request transfer transaction to prepay",
    "sampleCount" : 227,
    "errorCount" : 0,
    "errorPct" : 0.0,
    "meanResTime" : 134.57709251101315,
    "medianResTime" : 129.0,
    "minResTime" : 109.0,
    "maxResTime" : 252.0,
    "pct1ResTime" : 156.0,
    "pct2ResTime" : 171.59999999999997,
    "pct3ResTime" : 232.6,
    "throughput" : 0.49533901263878216,
    "receivedKBytesPerSec" : 0.7009240520640581,
    "sentKBytesPerSec" : 0.17220770361270163
  },
  "HTTP Request adding product to transaction" : {
    "transaction" : "HTTP Request adding product to transaction",
    "sampleCount" : 227,
    "errorCount" : 0,
    "errorPct" : 0.0,
    "meanResTime" : 125.03083700440526,
    "medianResTime" : 117.0,
    "minResTime" : 103.0,
    "maxResTime" : 281.0,
    "pct1ResTime" : 155.0,
    "pct2ResTime" : 169.0,
    "pct3ResTime" : 244.44,
    "throughput" : 0.4952190635342061,
    "receivedKBytesPerSec" : 0.6993034822953731,
    "sentKBytesPerSec" : 0.24083895863284635
  },
  "Total" : {
    "transaction" : "Total",
    "sampleCount" : 1633,
    "errorCount" : 21,
    "errorPct" : 1.2859768,
    "meanResTime" : 360.4182486221681,
    "medianResTime" : 109.0,
    "minResTime" : 0.0,
    "maxResTime" : 14133.0,
    "pct1ResTime" : 787.0,
    "pct2ResTime" : 842.0,
    "pct3ResTime" : 10595.580000000058,
    "throughput" : 2.7216666666666667,
    "receivedKBytesPerSec" : 2.97994140625,
    "sentKBytesPerSec" : 1.1407389322916666
  },
  "HTTP Request open transaction" : {
    "transaction" : "HTTP Request open transaction",
    "sampleCount" : 237,
    "errorCount" : 10,
    "errorPct" : 4.2194095,
    "meanResTime" : 109.97046413502109,
    "medianResTime" : 101.0,
    "minResTime" : 73.0,
    "maxResTime" : 523.0,
    "pct1ResTime" : 120.40000000000003,
    "pct2ResTime" : 164.39999999999998,
    "pct3ResTime" : 258.58000000000004,
    "throughput" : 0.425848462633145,
    "receivedKBytesPerSec" : 0.4445151290752081,
    "sentKBytesPerSec" : 0.14575371135020918
  },
  "HTTP Request create order" : {
    "transaction" : "HTTP Request create order",
    "sampleCount" : 227,
    "errorCount" : 0,
    "errorPct" : 0.0,
    "meanResTime" : 105.83259911894278,
    "medianResTime" : 101.0,
    "minResTime" : 88.0,
    "maxResTime" : 267.0,
    "pct1ResTime" : 122.0,
    "pct2ResTime" : 136.6,
    "pct3ResTime" : 229.03999999999996,
    "throughput" : 0.4954190109952466,
    "receivedKBytesPerSec" : 0.6995858299796158,
    "sentKBytesPerSec" : 0.17078409265754108
  },
  "HTTP Request сreate transaction" : {
    "transaction" : "HTTP Request сreate transaction",
    "sampleCount" : 239,
    "errorCount" : 11,
    "errorPct" : 4.6025105,
    "meanResTime" : 1905.5271966527196,
    "medianResTime" : 819.0,
    "minResTime" : 718.0,
    "maxResTime" : 14133.0,
    "pct1ResTime" : 5497.0,
    "pct2ResTime" : 11943.0,
    "pct3ResTime" : 14105.0,
    "throughput" : 0.39893572628001617,
    "receivedKBytesPerSec" : 0.4217550141338421,
    "sentKBytesPerSec" : 0.33465409069778695
  }
}